,Nr,Gebiet,gehört zu,Christlich Demokratische Union Deutschlands,Sozialdemokratische Partei Deutschlands,Alternative für Deutschland,Freie Demokratische Partei,DIE LINKE,BÜNDNIS 90/DIE GRÜNEN,Christlich-Soziale Union in Bayern e.V.,FREIE WÄHLER,"Partei für Arbeit, Rechtsstaat, Tierschutz, Elitenförderung und basisdemokratische Initiative",PARTEI MENSCH UMWELT TIERSCHUTZ,Nationaldemokratische Partei Deutschlands,Piratenpartei Deutschland,Ökologisch-Demokratische Partei,"V-Partei³ - Partei für Veränderung, Vegetarier und Veganer",DEMOKRATIE IN BEWEGUNG,Bayernpartei,"Allianz für Menschenrechte, Tier- und Naturschutz",Marxistisch-Leninistische Partei Deutschlands,Partei für Gesundheitsforschung,Menschliche Welt - für das Wohl und Glücklichsein aller,Deutsche Kommunistische Partei,Die Grauen – Für alle Generationen,Bürgerrechtsbewegung Solidarität,Partei der Humanisten,Gartenpartei,Die Urbane. Eine HipHop Partei,"Sozialistische Gleichheitspartei, Vierte Internationale",Basisdemokratische Partei Deutschland,Bündnis C - Christen für Deutschland,Bürgerbewegung für Fortschritt und Wandel,DER DRITTE WEG,diePinken/BÜNDNIS21,Europäische Partei LIEBE,Liberal-Konservative Reformer,Partei des Fortschritts,">> Partei für Kinder, Jugendliche und Familien <<  – Lobbyisten für Kinder –",Südschleswigscher Wählerverband,Team Todenhöfer – Die Gerechtigkeitspartei,UNABHÄNGIGE für bürgernahe Demokratie,Volt Deutschland,Ab jetzt...Demokratie durch Volksabstimmung - Politik für die Menschen,"bergpartei, die überpartei - ökoanarchistisch-realdadaistisches sammelbecken",DIE SONSTIGEN - X,Familien-Partei Deutschlands,Graue Panther,Klimaliste Baden-Württemberg,Thüringer Heimatpartei,Übrige
2,1.0,Flensburg – Schleswig,1,41721,38927,9768,12299,6544,50231,,2324,,,,,,,,,,,,,,,,,,227,,3357,,,,,,157,,,13020,,,,,,,,,,,
3,2.0,Nordfriesland – Dithmarschen Nord,1,43745,40026,8274,13958,4060,20611,,1510,,,,,,,,,,,,,,,,,,,,2254,,,,,,202,,,9410,,,,,,,,,,,
4,3.0,Steinburg – Dithmarschen Süd,1,39431,39379,10429,19315,4339,16686,,2566,,,,,,581,,,,,,,,,,,,,,2040,,,,,,214,,,,,,,,,,,,,,
5,4.0,Rendsburg-Eckernförde,1,47688,49474,10200,12903,4416,23832,,1651,2150,,,,,,,,,,,,,,,,,,,2502,,,,,,,,,5834,,,,,,,,,,,
6,5.0,Kiel,1,28416,45709,7147,11445,7275,43532,,1144,2944,,,,,,,,,76,,,110,,,,,202,,2009,,,,,,,,,4141,,,666,,,,,,,,
7,6.0,Plön – Neumünster,1,36870,41497,9404,12420,3718,20740,,2386,2196,,,,,,,,,,,,,,,,,,,2508,,,,,,223,,,,,,,,,,,,,,
8,7.0,Pinneberg,1,49710,59298,12141,20737,5659,32109,,2380,2352,,,,,,,,,,,,,,,,,,,2895,,,,,,166,,,2622,,,,,,,,,,,
9,8.0,Segeberg – Stormarn-Mitte,1,55265,63369,14040,20575,6202,27109,,4670,3299,,,,,,,,,,,,,,,,,,,3389,,,,,,,,,,,,,,,,,,,,
10,9.0,Ostholstein – Stormarn-Nord,1,42991,47714,9647,13289,4122,19025,,2582,,,,,,,,,,,,,,,,,,,,2032,,,,,,,,,,,,,,,,,,,,389
11,10.0,Herzogtum Lauenburg – Stormarn-Süd,1,51872,60593,14053,20550,5168,33949,,3517,2956,,,,,,,,,,,,125,,,,,,,2544,,,,,,,,,,,,,,,,,,,,
12,11.0,Lübeck,1,28266,44315,8538,9700,4020,27809,,1788,2193,,,,,,,,,189,,,91,,,,,298,,1594,,,,,,89,,,,,,765,,,,,,,,220
14,12.0,Schwerin – Ludwigslust-Parchim I – Nordwestmecklenburg I,13,31754,45189,25393,11769,17906,12061,,3552,1910,,,1414,,,,,,243,,,,,,,,,,2417,,,,,,,,,,,,,,,,,,,,
15,13.0,Ludwigslust-Parchim II – Nordwestmecklenburg II – Landkreis Rostock I,13,26208,50736,24760,10322,14949,8163,,3531,,,,,,,,,,,,,,,,,,,,2796,,,,,,,,,,,,,,,,,,,,2581
16,14.0,Rostock – Landkreis Rostock II,13,27672,43932,19882,12242,29715,16556,,2131,,4476,,1304,,,,,,356,,,,,,,,,,4744,,,,,,,,,,,,,,,,,,,,
17,15.0,Vorpommern-Rügen – Vorpommern-Greifswald I,13,33903,40429,33025,11005,22767,12199,,1835,1782,5083,,1094,,,,,,226,,,,,,,,,,2805,,,,,,,,,,,,,,,,,,,,
18,16.0,Mecklenburgische Seenplatte I – Vorpommern-Greifswald II,13,31182,37392,36597,11165,16202,6112,,2468,,4765,,,,,,,,,,,,,,,,,,3257,,,,,,,,,,,1019,,,,,,,,,509
19,17.0,Mecklenburgische Seenplatte II – Landkreis Rostock III,13,29950,43730,30320,9825,14494,7573,,4264,,,,,,,,,,445,,,,,,,,,,,,,,,,,,,,,,,,,,,,,,
21,18.0,Hamburg-Mitte,2,23231,59229,8664,14424,16195,46326,,1340,4251,,136,,704,,,,,194,,,,,,,,,,2940,,,,,,,,,,,,,,,,,,,,564
22,19.0,Hamburg-Altona,2,25441,43427,5191,12380,14716,45063,,756,,,,1351,571,,,,,209,,,,,,,,,,2619,,,,,,,,,,,,,,,,,,,,159
23,20.0,Hamburg-Eimsbüttel,2,27462,47375,5450,12957,11351,47734,,998,2334,,,,450,,,,,137,,,,,,,,,,2400,,,,,,,,,,,,1391,,,,,,,,
24,21.0,Hamburg-Nord,2,43870,56594,6259,15786,9095,47375,,1540,,,93,,,,,,,174,,,,,,,,,,3258,,,,,,179,,,,,,,,,,,,,,
25,22.0,Hamburg-Wandsbek,2,33085,66616,11490,15755,10629,26599,,,,,209,2068,880,,,,,117,,,,,,,,,,3054,,,,,,,,,,,,1834,,,,,,,,
26,23.0,Hamburg-Bergedorf – Harburg,2,26483,61590,12774,13301,10521,24231,,2109,,,205,,1061,,,,,131,,,,,,,,,,2988,,,,,,,,,,,,1251,,,,,,,,
28,24.0,Aurich – Emden,3,24019,71596,,11798,4861,12652,,4205,,4162,,,,,,,,,,,,,,,,,,2156,,,,,,,,,,,,,,,,,,,,112
29,25.0,Unterems,3,77143,49440,13584,10763,4358,16434,,,,,,,,,,,,,,,,,,,,,,1866,,,,,,,,,,,,,,,,,,,,159
30,26.0,Friesland – Wilhelmshaven – Wittmund,3,29286,60392,10227,9502,3460,13504,,2611,2651,,,,,,,,,68,,,,,,,,,,1275,,,,,,,,,,,,,,,,,,,,
31,27.0,Oldenburg – Ammerland,3,34294,65757,8572,12859,10183,35119,,1416,,,,1524,471,,,,,89,,,,,,,,,,1907,,,,,,137,,,,,,,,,,,,,,
32,28.0,Delmenhorst – Wesermarsch – Oldenburg-Land,3,40410,59377,11999,17278,4931,21202,,2165,2600,,,,,,,,,,,,,,,,,,,1905,,,,,,105,,,,,,,,,,,,,,
33,29.0,Cuxhaven – Stade II,3,42085,51417,10227,9622,2694,15389,,2102,1766,2954,,,,,,,,,,,,,,,,,,1416,,,,,,,,,,,,,,,,,,,,
34,30.0,Stade I – Rotenburg II,3,52069,47763,10735,12019,4340,19923,,,,,,1755,,,,,,,,,,,,,,,,2029,,,,,,,,,,,,,,,,,,,,
35,31.0,Mittelems,3,72523,52309,8993,17466,3996,22562,,,,,,,,,,,,,,,,,,,,,,1364,,,,,,,,,,,,,,,,,,,,
36,32.0,Cloppenburg – Vechta,3,80134,33825,12674,14397,3542,17366,,,,,,,,,,,,,,,,,,,,,,1248,,,,,,,,,,,,,,,,,,,,
37,33.0,Diepholz – Nienburg I,3,49116,46455,9683,13671,4029,19702,,,,,,,,,,,,,,,,,,,,,,2111,,,,,,,,,,,,,,,,,,,,727
38,34.0,Osterholz – Verden,3,50274,48574,,13764,6375,21933,,4578,,,,,,,,,,,,,,,,,,,,3883,,,,,,,,,,,,,,,,,,,,
39,35.0,Rotenburg I – Heidekreis,3,32720,59131,9182,7354,3010,10035,,2734,,,,,,,,,,,,,,,,,,,,,,,,,,,,,,,,,,,,,,,,
40,36.0,Harburg,3,46711,49773,11007,14395,4230,24120,,3515,,3561,,,,,,,,,,,,,,,,,,2850,,,,,,351,,,,,,,,,,,,,,
41,37.0,Lüchow-Dannenberg – Lüneburg,3,34287,38784,8603,9513,5378,34606,,1561,2187,,,,,,,,,,,,,,,,,,,2542,,,,,,105,,,,,,,,,,,,,,71
42,38.0,Osnabrück-Land,3,54535,44709,9418,13006,3596,22011,,1262,,,,,,,,,,,,,,,,,,,,2049,,,,,,,,,,,,,,,,,,,,
43,39.0,Stadt Osnabrück,3,43316,44876,6695,10090,6977,34140,,,,,,,,,,,,,,,194,,,,,,,1918,,,,,,,,,,,,,,,,,,,,
44,40.0,Nienburg II – Schaumburg,3,43817,50017,11695,8804,3070,18094,,1746,,2800,,,,,,,,,,,,,,,,,,1382,,,,,,,,,,,,,,,,,,,,222
45,41.0,Stadt Hannover I,3,27303,44538,7549,9550,4662,27851,,847,1586,1528,,746,138,,,,,114,,,,,,,,,,1265,,,,,,,,,,,,,,,,,,,,
46,42.0,Stadt Hannover II,3,26196,46929,6476,9538,7390,37779,,875,2428,1937,,979,,,,,,146,,,,,,287,,,,1568,,,,,,,,,,,,,,,,,,,,
47,43.0,Hannover-Land I,3,55185,58297,12942,12557,3981,22490,,,1662,3080,,988,,,,,,,,,,,,,,,,1727,,,,,,142,,,,,,,,,,,,,,66
48,44.0,Celle – Uelzen,3,51504,50635,14498,13412,4357,18773,,3399,,,,,,,,,,,,,,,,,,,,,,,,,,,,,,,,,,,,,,,,56
49,45.0,Gifhorn – Peine,3,40279,72113,15346,10738,3619,15762,,2084,,2820,,,,,,,,,,,,,,,,,,2016,,,,,,120,,,,,,,,,,,,,,127
50,46.0,Hameln-Pyrmont – Holzminden,3,33575,56893,11208,9102,3676,13259,,1979,,,,,,,,,,,,,,,,,,,,1856,,,,,,,,,,,,,,,,,,,,
51,47.0,Hannover-Land II,3,45721,73088,13377,11883,4095,22283,,1978,1701,2618,,1119,,,,,,,,,,,,,,,,1635,,,,,,,,,,,,,,,,,,,,50
52,48.0,Hildesheim,3,41230,61857,11387,11507,5481,22973,,1420,,,,1506,264,,,,,,,,,,,,,,,2153,,,,,,,,,,,,,,,,,,,,231
53,49.0,Salzgitter – Wolfenbüttel,3,39541,56157,14331,9544,5675,15353,,1651,,,,1220,,,,,,,,,,,,,,,,1599,,,,,,,,,,,,,,,,,,,,353
54,50.0,Braunschweig,3,31276,51220,8045,9816,5352,28214,,1194,,,,,352,630,,,,101,,,,,,,,,,1640,,,,,,80,,,,,,,,,,,,,,1633
55,51.0,Helmstedt – Wolfsburg,3,34367,54349,12339,9766,3575,11305,,2113,,,,,486,,,,,,,,,,,,,,,,,,,,,,,,,,,,,,,,,,,748
56,52.0,Goslar – Northeim – Osterode,3,47196,52129,11240,8827,3835,14954,,2031,,,,,,,,,,,,,,,,,,,,1797,,,,,,,,,,,,,,,,,,,,58
57,53.0,Göttingen,3,42958,51385,,15261,8057,37060,,,,,,,,,,,,232,,,329,,,,,,,3428,,,,,,767,,,,,,,,,,,,,,
59,54.0,Bremen I,4,39440,55934,9099,13929,15306,39721,,1853,2835,2440,,,322,,,,,147,,,,,,526,,,,2237,,,,,,,,,,,,1182,,,,,,,,
60,55.0,Bremen II – Bremerhaven,4,28552,52498,12466,8469,10617,20769,,1799,2629,,,908,391,609,,,,119,,,,,,490,,,,1770,,,,,,,,,,,,,,,,,,,,
62,56.0,Prignitz – Ostprignitz-Ruppin – Havelland I,12,23433,39853,23799,7355,10845,5623,,4549,2180,,,636,,,,,,,,,,,,,,,,1771,,,,,,,,,,,,,,,,,,,,793
63,57.0,Uckermark – Barnim I,12,22991,38247,26163,10964,12316,7528,,3811,2071,,,786,412,,,,,,,,,,,,,,,2090,,,,,,,,,,,,,,,,,,,,1771
64,58.0,Oberhavel – Havelland II,12,39996,50697,30863,17322,15501,19026,,8282,4330,,,2267,952,,,,,,,,,,,,,,,3502,,,,,,,,,,,,,,,,,,,,
65,59.0,Märkisch-Oderland – Barnim II,12,40804,43117,31929,12270,21700,11742,,,4425,,,,737,,,,,,,,598,,,,,,,3750,,,,,,,,,,,,,,,,,,,,3137
66,60.0,Brandenburg an der Havel – Potsdam-Mittelmark I – Havelland III – Teltow-Fläming I,12,29236,46642,23931,9266,12672,9474,,5521,2525,,,840,401,,,,,,,,,,,,,,,2305,,,,,,,,,,,1133,,,,,,,,,1433
67,61.0,Potsdam – Potsdam-Mittelmark II – Teltow-Fläming II,12,26050,64271,17302,16872,14701,35452,,3439,3367,,,,804,,,,,,,,369,,,458,,,,3019,,,,,,,,,,,,1004,,,,,,,,1737
68,62.0,Dahme-Spreewald – Teltow-Fläming III – Oberspreewald-Lausitz I,12,38080,50696,33719,15073,17417,13523,,8065,,6735,,1319,442,,,,,,,,394,,,,,,,2916,,,,,,,,,,,,,,,,1817,,,,1317
69,63.0,Frankfurt (Oder) – Oder-Spree,12,22876,39350,30182,9975,15690,8865,,5115,3343,,,,751,,,,,304,,,,,,,,,,2915,,,,,,,,,,,,,,,,,,,,1075
70,64.0,Cottbus – Spree-Neiße,12,21072,34882,32530,11400,11156,4662,,3375,2943,,,,,,,,,,,,424,,,,,,,2779,,,,,,,,,,,1140,,,,,,,,,
71,65.0,Elbe-Elster – Oberspreewald-Lausitz II,12,19130,29998,29560,10597,10630,4110,,4872,2245,,,,,,,,,,,,,,,,,,,1719,,,,,,,,,,,5066,,,,,,,,,356
73,66.0,Altmark,15,23433,29599,20875,9116,11218,4674,,5584,,,,,,,,,,,,,,,,,,,,2132,,,,,,,,,,,,,,,,,,,,949
74,67.0,Börde – Jerichower Land,15,36652,38520,29843,11817,12785,6184,,3704,,1969,,,,,,,3014,,,,,,,,,,,2258,,,,,,,,,,,,,,,,,,,,
75,68.0,Harz,15,37884,34812,24947,10064,14413,6320,,4972,,,,,,,,,,,,,,,,,,,,3160,,,,,,,,,,,,,,,,,,,,272
76,69.0,Magdeburg,15,34177,39233,23398,12139,15137,14381,,2430,2081,,,,302,,,,4357,221,,,,,,,2095,,,2247,,,,,,,,,,,,,,,,,,,,3094
77,70.0,Dessau – Wittenberg,15,39042,22178,22002,7591,9003,7632,,3530,,,,,,,,,,,,,,,,,,,,2074,,,,,,,,,,,,,,,,,,,,767
78,71.0,Anhalt,15,32295,28386,33225,10637,20246,4587,,4845,,,,,,,,,,,,,,,,,,,,1969,,,,,,,,,,,,,,,,,,,,1006
79,72.0,Halle,15,30499,42335,22517,11867,19247,12521,,3129,2335,,,,,,,,,399,,,,,,,,,,2222,,,,,,,,,,,,,,,,,,,,
80,73.0,Burgenland – Saalekreis,15,32649,27165,32328,11764,12419,4207,,,,,,,,,,,,,,,,,,,,,,3761,,,,,,,,,,,,,,,,,,,,
81,74.0,Mansfeld,15,32732,30969,32930,11089,13108,3820,,3958,,,,,,,,,,,,,,,,,,,,2731,,,,,,,,,,,,,,,,,,,,
83,75.0,Berlin-Mitte,11,20002,34072,7597,10038,21291,45870,,,2958,2810,,836,200,,,,,196,,,,,,416,,,,2146,,,,,,70,,,,,,1492,,,,,,,,216
84,76.0,Berlin-Pankow,11,23045,39131,16242,12515,29559,46401,,2146,4317,4915,,960,426,,,,,,1037,,,,,,,,,,,,,,,115,,,,,,1297,,,,,,,,
85,77.0,Berlin-Reinickendorf,11,34233,32445,12249,10927,6107,17621,,2601,1782,3843,,,281,,,,,,,,,2368,,,,,,1169,,,,,,,,,,,,,,,,,,,,
86,78.0,Berlin-Spandau – Charlottenburg Nord,11,28904,40451,12447,10492,6771,14680,,,2455,4381,,,278,,,,,97,,,,,,,,,,1693,,,,205,,121,,,,,,,,,,,,,,182
87,79.0,Berlin-Steglitz-Zehlendorf,11,48959,43465,9221,15967,7455,38873,,1430,2039,3874,,705,370,,,,,,439,,,,,,,,,1912,,,,,,111,,,,,,,,,,,,,,
88,80.0,Berlin-Charlottenburg-Wilmersdorf,11,34308,42934,6539,14982,8802,37531,,1434,1858,2423,,549,221,,,,,,,,,,,259,,,,1752,,,,,,74,,,,,,,,,,,,,,140
89,81.0,Berlin-Tempelhof-Schöneberg,11,38400,47451,10005,12822,10673,44021,,1640,2412,4132,,857,427,,,,,,,305,,,,,,,,1989,,,,,,115,,,,,,,,,,,,,,
90,82.0,Berlin-Neukölln,11,25577,35530,10153,8635,17898,27104,,,2699,3981,,,,,,,,170,,,,,,,,,,1347,,,,,,136,,,,2604,,,,,256,,,,,455
91,83.0,Berlin-Friedrichshain-Kreuzberg – Prenzlauer Berg Ost,11,13030,29619,6598,9203,30113,64542,,,8854,3128,,915,269,,,,,175,,,,,,480,,392,,2387,,,,,,,,,,,,,,222,,,,,,440
92,84.0,Berlin-Treptow-Köpenick,11,21142,24133,17817,9235,55372,16137,,2421,2535,4565,,,458,,,,,149,,,,,,,,,,1882,,,,,,393,,,,,,,,,,,,,,
93,85.0,Berlin-Marzahn-Hellersdorf,11,39543,19892,20910,6180,29388,8316,,,2780,5539,,,,,,,,141,,,,,,,,,,1503,,,,,,158,,,,,,,,,,,,,,
94,86.0,Berlin-Lichtenberg,11,17695,28040,17356,8682,36813,19485,,2491,3865,5876,,,285,,,,,193,,,,,,,,,,1821,,,,,,195,,,,,,,,,,,,,,
96,87.0,Aachen I,5,35562,33087,5314,10906,6161,41942,,849,3058,,,,,,,,,,,,,,,,,,,1502,,,,,,,,,,,,,,,,,,,,532
97,88.0,Aachen II,5,54808,58189,12632,12055,4496,19976,,2034,2893,,,,,,,,,,,,,,,,,,,1704,,,,,,,,,,,,,,,,,,,,
98,89.0,Heinsberg,5,57095,37249,10965,10691,3608,15368,,2288,4901,,,,,,,,,,,,,,,,,,,1554,,,,,,,,,,,,,,,,,,,,
99,90.0,Düren,5,55719,46734,12947,11237,3449,14174,,2196,2298,,,1146,,,,,,,,,,,,,,,,1565,,,,,,,,,,,473,,,,,,,,,
100,91.0,Rhein-Erft-Kreis I,5,63635,58858,13537,17542,5889,25409,,2132,,,,2860,,,,,,,,,,,,,,,,2218,,,,,873,,,,,,,,,,,,,,,
101,92.0,Euskirchen – Rhein-Erft-Kreis II,5,65981,50892,14999,19805,4993,25005,,2724,2690,,,1189,,,,,,,,,,,,,,,,2505,,,,,,,,,,,,,,,,,,,,
102,93.0,Köln I,5,31636,38985,8789,11490,7213,33405,,1108,2768,,,,,,,,,181,,,,,,,,,,1615,,,,,,,,,,,,2353,,,,,,,,261
103,94.0,Köln II,5,50918,40103,5587,16950,8771,70658,,1369,3312,,,,,,,,,117,,,82,,,,,,,2005,,,,,,,,,,,,4111,,,,,,,,
104,95.0,Köln III,5,28674,46149,8015,10708,8435,43600,,1100,3143,,,,,,,,,113,,,,,,,,,,1831,,,,,,,,,,,,2108,,,,,,,,259
105,96.0,Bonn,5,44872,46251,7448,23198,6675,46467,,1183,2700,,,,,,,,,138,,,,,,,,,,2101,,,,,,158,,,,,,2919,,,,,,,,
106,97.0,Rhein-Sieg-Kreis I,5,60776,53213,13045,16604,6242,26270,,1929,3828,,,,,,,,,,,,,,,,,,,2951,,,,,,,,,,,,1006,602,,,,,,,
107,98.0,Rhein-Sieg-Kreis II,5,70144,41004,10385,13914,4607,26956,,1697,2537,,,,,,,,,,,,,,,,,,,2285,,,,,,167,,,,,,1140,484,,,,,,,
108,99.0,Oberbergischer Kreis,5,53757,42461,15071,15636,4587,19015,,2246,2887,,,,,,,,,,,,,,,,,,,2847,,,,,,,,,,,,,,,,,,,,
109,100.0,Rheinisch-Bergischer Kreis,5,52714,39827,9518,29576,4845,31626,,3632,,,,,,,,,,,,,,,,,,,,2455,,,,,,,,,,,,1391,,,,,,,,
110,101.0,Leverkusen – Köln IV,5,31197,69662,10797,11050,5657,17290,,1479,2782,,,,,,,,,212,,,,,,,,,,2222,,,,,,,,,,,,,,,,,,,,412
111,102.0,Wuppertal I,5,31960,54065,11995,13756,6742,18932,,1544,2665,,,,,,,,,203,,,,,,,,,,2068,,,,,,,,,,,,1028,,,,,,,,
112,103.0,Solingen – Remscheid – Wuppertal II,5,44778,52852,12335,17406,5099,20967,,1662,3398,,,,,,,,,169,,,,,,,,,,2233,,,,,,,,,,,,,,,,,,,,1070
113,104.0,Mettmann I,5,47326,39326,10704,14873,4252,36095,,1818,,,,,,,,,,,,,,,,,,,,1845,,,,,,,,,,,,,,,,,,,,1657
114,105.0,Mettmann II,5,38429,37635,8894,11158,3395,17730,,1166,2258,,,,,,,,,99,,,,,,,,,,1366,221,,,,,65,,,,,,,,,,,,,,181
115,106.0,Düsseldorf I,5,54158,38955,7002,24242,5094,36926,,1089,2531,,,,,,,,,104,,,,,,,,,,1802,,,,,,76,,,,,,1546,,,,,,,,423
116,107.0,Düsseldorf II,5,34801,41169,8214,14143,5418,30201,,1307,2967,,,,,,,,,176,,,,,,,,,,1549,,,,,,,,,,,,1189,,,,,,,,
117,108.0,Neuss I,5,57445,51391,10801,12932,4153,18051,,,3617,,,,,,,,,,,,,,,,,,,2052,,,,,,,,,,,,,,,,,,,,120
118,109.0,Mönchengladbach,5,45550,37548,9915,10957,,17302,,1422,3105,,,,,,,,,,,,319,,,,,,,1821,,,,,,,,,,,,,,,,,,,,
119,110.0,Krefeld I – Neuss II,5,51500,39253,9150,18781,4319,24383,,1980,2918,,,,,,,,,163,,,,,,,,,,1759,,,,,,,,,,,,,,,,,,,,
120,111.0,Viersen,5,62123,47806,10312,15140,5558,24394,,2253,3819,,,,,,,,,,,,,,,,,,,1940,,,,,,,,,,,,,,,,,,,,
121,112.0,Kleve,5,63701,48142,9788,14821,4235,23477,,3409,,,,,,,,,,,,,,,,,,,,1892,,,,,,,,,,,,,,,,,,,,
122,113.0,Wesel I,5,47448,54488,10842,14452,4598,19928,,1376,3907,,,,,,,,,127,,,,,,,,,,1999,,,,,,,,,,,,,,,,,,,,
123,114.0,Krefeld II – Wesel II,5,37033,45852,9077,10954,4100,17398,,1186,2863,,,,,,,,,125,,,,,,,,,,1698,,,,,,,,,,,,,,,,,,,,
124,115.0,Duisburg I,5,24299,47314,11101,8203,5500,16777,,1470,,,,,,,,,,489,,,,,,,,,,1395,,,,,,,,,,,,,,,,,,,,732
125,116.0,Duisburg II,5,19404,38162,13361,6901,4889,10518,,1263,,,,,,,,,,313,,,,,,,,,,1007,,,,,,,,,,,547,,,,,,,,,444
126,117.0,Oberhausen – Wesel III,5,32277,55790,13601,10132,4908,17171,,1378,6464,,,,,454,,,,145,,,,,,,,,,1434,,,,,,,,,,,,,,,,,,,,
127,118.0,Mülheim – Essen I,5,33090,50168,11704,11884,3663,19547,,1105,2870,,,,,,,,,158,,,139,,,,,,,1584,,,,,,,,,,,,,,,,,,,,2243
128,119.0,Essen II,5,23735,39410,12015,6976,4325,12647,,1202,2414,,,,,,,,,197,,,169,,,,,,,1108,,,,,,,,,,,,,,,,,,,,
129,120.0,Essen III,5,46635,45612,8225,10871,5030,28745,,1685,2931,,,,,,,,,109,,,172,,,,,,,1695,,,,,,137,,,,,,,,,,,,,,
130,121.0,Recklinghausen I,5,30845,49437,11087,8481,3605,12833,,,2722,,,,,,,,,128,,,99,,,,,,,1282,,,,,,,,,,,,,,,,,,,,
131,122.0,Recklinghausen II,5,38325,51050,13108,11283,3881,14836,,,3509,,,,,,,,,215,,,167,,,,,,,,,,,,,,,,,,,,,,,,,,,
132,123.0,Gelsenkirchen,5,21954,44965,15555,9014,3559,11286,,1054,1904,,,,,,,,,356,,,,,,,,,,1118,,,,,,,,,,,,,,,,,,,,319
133,124.0,Steinfurt I – Borken I,5,62322,44047,8482,14515,3699,18743,,1473,2437,,,,,,,,,,,,,,,,,,,,,,,,,,,,,,,,,,,,,,,
134,125.0,Bottrop – Recklinghausen III,5,39834,57560,14075,11352,3887,15144,,,3283,,,,,,,,,108,,,514,,,,,,,1373,,,,,,226,,,,,,,,,,,,,,
135,126.0,Borken II,5,70334,40851,7909,13404,3928,20028,,1650,2795,,,,,,,,,,,,,,,,,,,,,,,,,,,,,,,,,,,,,,,
136,127.0,Coesfeld – Steinfurt II,5,65402,40145,7241,12409,4242,27069,,1858,,,,,,,,,,,,,,,,,,,,1580,,,,,,,,,,,,,,,,,,,,
137,128.0,Steinfurt III,5,52445,48068,8785,11394,4611,23978,,986,2062,,,,,,,,,,,,,,,,,,,1281,,,,,,,,,,,,,,,,,,,,733
138,129.0,Münster,5,51096,47047,5234,13038,7078,63160,,966,2283,,,,897,,,,,,,,179,,,,,,,1582,,,,,,,,,,,,2505,,,,,,,,230
139,130.0,Warendorf,5,59631,50685,10211,12768,4074,21245,,,2772,,,,497,,,,,,,,,,,,,,,1773,,,,,,,,,,,,,,,,,,,,709
140,131.0,Gütersloh I,5,71185,45878,12812,13507,4284,22851,,2083,3149,,,,,,,,,,,,,,,,,,,2067,,,,,,,,,,,,,,,,,,,,306
141,132.0,Bielefeld – Gütersloh II,5,40928,55234,12294,17793,9905,40015,,,3966,,,,,,,,,153,,,,,,,,,,2655,,,,,,,,,,,,921,,,,,,,,
142,133.0,Herford – Minden-Lübbecke II,5,45138,61554,15855,14021,5332,18090,,1967,3440,,,,,,,,,,,,,,,,,,,2187,,,,,,,,,,,,,,,,,,,,1234
143,134.0,Minden-Lübbecke I,5,39679,58168,13445,12494,3940,15886,,2098,2648,,,,,,,,,,,,,,,,,,,1974,1184,,,,,,,,,,,,,,,,,,,
144,135.0,Lippe I,5,44650,52359,16221,16648,5283,26932,,2171,3070,,,,,,,,,,,,,,,,,,,2936,,,,,,235,,,,,,,,,,,,,,
145,136.0,Höxter – Gütersloh III – Lippe II,5,53294,37210,11244,9462,3345,12685,,1529,2429,,,,,,,,,,,,,,,,,,,1732,,,,,,,,,,,,,,,,,,,,
146,137.0,Paderborn,5,84669,33513,13152,9845,5532,22926,,1443,3459,,,,,,,,,,,,,,,,,,,2298,,,,,,,,,,,,,,,,,,,,
147,138.0,Hagen – Ennepe-Ruhr-Kreis I,5,37718,47581,14419,13531,4552,17954,,2122,2830,,,,,,,,,185,,,,,,,,,,1399,,,,,,,,,,,,,,,,,,,,809
148,139.0,Ennepe-Ruhr-Kreis II,5,33357,47993,9731,11530,3715,21734,,1466,2558,,,1434,,,,,,186,,,,,,,,,,1750,,,,,,,,,,,,,,,,,,,,
149,140.0,Bochum I,5,32962,58235,,13657,9361,28288,,,4700,,,,,,,,,530,,,,,,488,,,,3846,,,,,,,,,,,,,,,,,,,,
150,141.0,Herne – Bochum II,5,24027,52792,11863,8455,4667,14262,,1423,2550,,,,,,,,,220,,,,,,,,,,1251,,,,,,,,,,,,,,,,,,,,
151,142.0,Dortmund I,5,30051,51037,10577,10416,5908,26308,,935,13361,3097,,,,,,,,151,,,113,,,,,,,1226,,,,,,,,,,,,660,,,,,,,,876
152,143.0,Dortmund II,5,28897,55695,11816,10270,5823,21028,,1318,3446,3589,,,,,,,,139,,,111,,,,,,,,,,,,,,,,,,,425,,,,,,,,
153,144.0,Unna I,5,36810,59869,11736,9137,4731,20340,,1967,,,,,,,,,,185,,,,,,,,,,1451,,,,,,,,,,,,,,,,,,,,535
154,145.0,Hamm – Unna II,5,44266,67774,15562,12058,6285,16958,,2610,,,,,,,,,,,,,,,,,,,,1539,,,,,,,,,,,,,,,,,,,,
155,146.0,Soest,5,58791,54614,13992,17826,5548,22154,,2017,,,,,,,,,,,,,,,,,,,,2507,,,,,,,,,,,,,,,,,,,,
156,147.0,Hochsauerlandkreis,5,62810,50056,10068,10806,2685,12478,,2224,2909,,,,,,,,,,,,,,,,,,,1381,,,,,,,,,,,,,,,,,,,,
157,148.0,Siegen-Wittgenstein,5,54042,48897,14424,13586,4900,16624,,1868,3385,,,,,,,,,,,,,,,,,,,2215,,,,,,,,,,,,836,,,,,,,,49
158,149.0,Olpe – Märkischer Kreis I,5,56879,45366,13104,15944,3935,13645,,2269,,,,,,,,,,,,,221,,,,,,,2021,,,,,,,,,,,,,,,,,,,,
159,150.0,Märkischer Kreis II,5,47937,43346,12933,12749,4668,12866,,2004,,4382,,,,,,,,,,,,,,,,,,1575,,,,,,,,,,,,,,,,,,,,
161,151.0,Nordsachsen,14,26883,22257,32702,10251,9446,5883,,4707,2069,,,,416,,,,,,,,,,,,,,,1716,,,,,,,,,,,,,,,,,,,,1335
162,152.0,Leipzig I,14,34107,33588,26450,13397,25436,19778,,3296,4242,,,,497,,,,,283,,,,,,896,,,,2275,,,,,,,,,,,,,,,,,,,,1882
163,153.0,Leipzig II,14,29538,29731,20667,13271,40938,32995,,2591,4374,,,923,635,,,,,273,,,,,,573,,,,2786,,,,,,,,,,,,,,,,,,,,164
164,154.0,Leipzig-Land,14,39066,31989,39348,15698,12672,8056,,6081,3187,,,,480,,,,,,,,,,,,,,,3145,,,,,,,,,,,,,,,,,,,,519
165,155.0,Meißen,14,32924,22771,45705,13727,10344,7590,,7271,3149,,,,943,,,,,,,,,,,,,,,2769,,,,,,244,,,,,,,,,,,,,,
166,156.0,Bautzen I,14,40929,21006,52492,12634,14134,4090,,5341,3398,,,,,,,,,,,,,,,,,,,2644,,,,,,467,,,,,,,,,,,,,,
167,157.0,Görlitz,14,39299,18928,53970,11222,11835,6182,,4588,,,,,,,,,,,,,,,,,,,,4115,,,,,,417,,,,,,,,,,,,,,267
168,158.0,Sächsische Schweiz-Osterzgebirge,14,29176,17505,50203,12920,15215,6830,,8450,,,,,848,,,,,,,,,,,,,,,3161,,,,,,,,,,,,,,,,,,,,7731
169,159.0,Dresden I,14,37811,26271,33780,18588,33872,17137,,,3684,,,2011,1164,,,,,227,,,,,,763,,,,2527,477,,,,,,,,,,,,,,,,,,,1231
170,160.0,Dresden II – Bautzen II,14,35014,28700,34979,20711,22160,25527,,3309,4292,,,2694,1054,,,,,298,1366,,,,210,,,,,3726,,,,,,,,,,,,,,,,,,,,3720
171,161.0,Mittelsachsen,14,34638,25727,48725,14420,12164,5398,,,,,,,1259,,,,,,,,,,,,,,,3397,,,,,,,,,,,,,,,,,,,,
172,162.0,Chemnitz,14,25801,34958,30502,13934,15229,9934,,,3997,,,,679,622,,,,,,,,,,,,,,2492,,,,,,,,,,,,,,,,,,,,1181
173,163.0,Chemnitzer Umland – Erzgebirgskreis II,14,32111,23181,39264,11872,11330,5617,,6642,2724,,,,805,,,,,,,,,,,,,,,2213,,,,,,,,,,,,,,,,,,,,
174,164.0,Erzgebirgskreis I,14,40550,23650,50571,11914,12787,4001,,8210,2422,,,,,520,,,,,,,,,,,,,,2313,2069,,,,,,,,,,,,,,,,,,,488
175,165.0,Zwickau,14,30798,24094,37135,13991,22583,5988,,6105,,,,,474,,,,,,,,,,,,,,,3975,,,,,,,,,,,,,,,,,,,,145
176,166.0,Vogtlandkreis,14,37637,26413,36388,11512,12655,6378,,,,,,,970,,,,,,,,,,,,,,,2339,,,515,,,667,,,,,,,,,,,,,,277
178,167.0,Waldeck,6,35734,51613,12536,12062,4208,13581,,3763,,,,,,,,,,,,,,,,,,,,1626,,,,,,,,,,,,,,,,,,,,867
179,168.0,Kassel,6,32765,57919,11348,12966,9357,27744,,2563,2876,,,,,,,,,244,,,,,,,,,,2012,299,,,,,,,,,,,,,,,,,,,503
180,169.0,Werra-Meißner – Hersfeld-Rotenburg,6,34527,56383,14204,7135,3890,8032,,3160,,,,,,,,,,,,,,,,,,,,1430,,,,172,,,,,,,,,,,,,,,,107
181,170.0,Schwalm-Eder,6,33443,54792,14380,12234,3761,12360,,4112,2024,,,,,,,,,,,,,,,,,,,1451,262,,,,,,,,,,,,,,,,,,,435
182,171.0,Marburg,6,36528,51630,12591,9334,6588,18709,,2178,,,,,,,,,,,,,,,,,,,,2146,,,,,,,,,,,,,,,,,,,,374
183,172.0,Lahn-Dill,6,45441,49923,15816,12060,4756,13754,,4579,2417,,,,,,,,,,,,,,,,,,,2040,,,,,,,,,,,,,,,,,,,,259
184,173.0,Gießen,6,47283,48514,14496,12109,6339,21249,,4595,3003,,,,,,,,,,,,233,,,,,,,1954,,,,,,,,,,,,,,,,,,,,
185,174.0,Fulda,6,61573,35168,24508,13894,4648,13833,,4442,,,,,,,,,,,,,,,,,,,,2619,460,,,,,,,,,,,,,,,,,,,520
186,175.0,Main-Kinzig – Wetterau II – Schotten,6,37118,41160,17586,15098,4078,12691,,4939,,,,,,,,,,,,,,,,,,,,2214,,,,,,,,,,,,,,,,,,,,
187,176.0,Hochtaunus,6,44549,38424,10709,16132,3772,21769,,3369,,,,1385,,,,,,,,,,,,,,,,2347,,,,,,,,,,,,,,,,,,,,
188,177.0,Wetterau I,6,38807,40618,11318,15000,3904,18996,,4238,,,,1633,,,,,,,,,,,,,,,,2411,,,,,,,,,,,,,,,,,,,,
189,178.0,Rheingau-Taunus – Limburg,6,51318,48441,13547,18126,4563,24418,,6103,,,,,,,,,,,,,,,,,,,,2671,332,,,,,,,,,,,,,,,,,,,461
190,179.0,Wiesbaden,6,35375,34750,9192,13995,6652,25811,,1602,1559,,,742,,,,,,,,,,,123,472,,,,2327,,,,,,103,,,,,,1904,,,,,,,,
191,180.0,Hanau,6,36019,40291,13364,13106,4462,15995,,3308,,,,,,,,,,,,,,,,,,,,1998,,,,,,,,,,,,,,,,,,,,833
192,181.0,Main-Taunus,6,51985,35493,10588,20295,4272,26373,,4179,2751,,,,,,,,,,,,,,,,,,,,,,,,,,,,,,,,,,,,,,,
193,182.0,Frankfurt am Main I,6,31163,41604,7909,16369,12562,26922,,2094,,,,,,,,,,143,,,,,,,,,,2052,,,,,,,,,,,,2685,,,,,,,,
194,183.0,Frankfurt am Main II,6,38995,40431,7990,19766,10629,50230,,2478,,,,,,,,,,186,,,,,,,,,,2547,,,,,,,,,,,,,,,,,,,,
195,184.0,Groß-Gerau,6,35334,42598,10880,10726,5047,14890,,3470,2430,,,,,,,,,127,,,,,,,,,,1834,,,,,,,,,,,,,,,,,,,,
196,185.0,Offenbach,6,43347,41035,11851,14828,7497,26229,,3733,2029,,,1157,,,,,,,,,,,,,,,,2481,,,,,,,,,,,,1534,,,,,,,,
197,186.0,Darmstadt,6,42351,51046,11210,17192,9332,44364,,3237,3680,,,,,,,,,269,,,,,,,,,,3129,,,,,,,,,,,,,,,,,,,,644
198,187.0,Odenwald,6,49367,57172,14963,17110,5991,21630,,5003,,,,,,,,,,,,,,,,,,,,3699,,,,,,,,,,,,1602,,,,,,,,273
199,188.0,Bergstraße,6,46125,41124,14351,16175,4149,20955,,4287,,,,,,,,,,,,,,,,,,,,2748,,,,,,,,,,,951,,,,,,,,,385
201,189.0,Eichsfeld – Nordhausen – Kyffhäuserkreis,16,40599,34010,34645,10348,16586,5901,,3981,3076,,,,849,,,,,366,,,,,,,,,,2129,,,,,,,,,,,,,,,,,,,,
202,190.0,Eisenach – Wartburgkreis – Unstrut-Hainich-Kreis,16,35415,36729,38166,8869,17216,5447,,5529,2502,,,,567,,,,,431,,,,,,,,,,3007,,,,,,130,,,,,,,,,,,,,,
203,191.0,Jena – Sömmerda – Weimarer Land I,16,28170,30673,29578,10686,25741,14656,,6018,3816,,,,,,,,,341,,,,,,,,,,2364,,,,,,208,,,,,,,,,,,,,,
204,192.0,Gotha – Ilm-Kreis,16,25918,33085,37249,9494,15579,6498,,5622,2783,,,,,,,,,411,,,,,,,,,,2435,,,,,,,,,,,,,,,,,961,,549,
205,193.0,Erfurt – Weimar – Weimarer Land II,16,28639,40185,27235,12309,26972,19483,,,4932,,,,,,,,,649,,,,,,,,,,4258,,,,,,,,,,,,,,,,,,,,
206,194.0,Gera – Greiz – Altenburger Land,16,33067,36760,48034,14273,19421,6293,,,,,,,,,,,,772,,,,,,,,,,2887,,,,,,,,,,,,,,,,,,,,4123
207,195.0,Saalfeld-Rudolstadt – Saale-Holzland-Kreis – Saale-Orla-Kreis,16,34489,30791,48177,12343,19968,6292,,5143,3526,,,,451,,,,,462,,,,,,,,,,2852,,,,,,,,,,,,,,,,,,,,
208,196.0,Suhl – Schmalkalden-Meiningen – Hildburghausen – Sonneberg,16,37729,56791,35887,10686,14135,3615,,4897,2247,,,1313,848,,,,,443,,,,,,,,,,,,,,,,,,,,,,,,,,,,,,371
210,197.0,Neuwied,7,57430,54320,16810,15931,5005,16559,,8032,2776,,,,,,,,,,,,,,,,,,,2177,,,,,,,,,,,545,,,,,,,,,194
211,198.0,Ahrweiler,7,50281,44325,10823,12124,3537,15553,,6942,,,,,686,,,,,,,,,,,,,,,1878,,,,,,,,,,,,,,,,,,,,456
212,199.0,Koblenz,7,46073,43416,9753,11179,4054,17980,,7028,2354,,,,614,,,,,,,,,,,,,,,1758,,,,,,,,,,,,694,,,,,,,,409
213,200.0,Mosel/Rhein-Hunsrück,7,45364,35570,10646,15664,,12833,,7609,,,,,976,,,,,,,,,,,,,,,2334,,,,,,,,,,,,1124,,,,,,,,249
214,201.0,Kreuznach,7,39589,44976,12972,9753,4294,9958,,7648,1837,,,,1718,,,,,,,,,,,,,,,1997,,,,,,226,,,,,,771,,,,,,,,362
215,202.0,Bitburg,7,46340,33632,7947,9011,2875,8512,,10566,1619,,,,659,,,,,,,,,,,,,,,1436,,,,,,,,,,,,,,,,,,,,
216,203.0,Trier,7,40299,47942,8230,10135,5126,18939,,7521,2174,,,,657,,,,,,,,294,,,,,,,1730,,,,,,,,,,,595,967,,,,,,,,824
217,204.0,Montabaur,7,48607,50975,14090,15101,4483,14176,,8954,2887,,,,,,,,,,,,,,,,,,,2384,,,,,,,,,,,,,,,,,,,,336
218,205.0,Mainz,7,47153,49878,10360,14408,24863,37319,,4751,1841,,,1118,1444,,,,,,,,,,,486,,,,2093,,,,,,,,,,,,2133,,,,,,,,2154
219,206.0,Worms,7,52827,49748,16043,12966,5070,15949,,5762,,,,,726,,,,,,,,,,,,,,,3134,,,,,,,,,,,,1367,,,,,,,,553
220,207.0,Ludwigshafen/Frankenthal,7,38193,50108,17740,13688,4648,17061,,7411,,,,,,,,,,157,,,,,,,,,,1947,,,,,,193,,,,,,,,,,,,,,1643
221,208.0,Neustadt – Speyer,7,51770,48158,17204,14624,4535,20869,,9698,,,,,,,,,,,,,,,,,,,,2722,,,,,,,,,,,,1268,,,,,,,,802
222,209.0,Kaiserslautern,7,35803,56523,20002,11870,6753,14589,,12225,2154,3197,,,,,,,,,,,,,,,,,,2159,,,,,,154,,,,,,801,,,,,,,,567
223,210.0,Pirmasens,7,39236,39711,16512,9895,3678,7891,,5990,1999,3271,,,,,,,,,,,,,,,,,,1654,,,,,,,,,,,,466,,,,,,,,163
224,211.0,Südpfalz,7,47860,47901,16658,17011,5222,19058,,6388,1923,3019,,,582,,,,,,,,,,,,,,,2388,,,,,,,,,,,,829,,,,,,,,793
226,212.0,Altötting,9,,14620,14220,9245,3155,11145,55693,13049,,,,,2509,,,1416,,,,,,,,,,,,3509,,,,,,,,,,,,,,,,,,,,
227,213.0,Erding – Ebersberg,9,,24205,11448,13226,3355,24840,70656,12157,,,,,2306,,,2054,,,,,,,,,,,,2958,,,,,,,,,,,,,,,,,,,,
228,214.0,Freising,9,,25950,18042,14687,3898,24058,69689,23223,2165,,,,3039,910,,1678,,,,,,,,,,,,4795,,,,,,,,,,,,631,,,,,,,,
229,215.0,Fürstenfeldbruck,9,,36831,13056,16029,3216,25363,72721,13085,2384,,,,2122,,,,,,,,,,,,,,,5075,,,,,,,,,,,,1408,,,,,,,,
230,216.0,Ingolstadt,9,,25954,17806,10877,4648,18182,83663,15515,2315,,,,2438,,,1861,,,,,,,,,,,,2969,,,,,,,,,,,,,,,,,,,,
231,217.0,München-Nord,9,,38172,7591,19477,6216,42319,44854,3969,1562,2072,,,1862,324,,563,,60,,,,,41,,,402,,2540,,,,,,,,,,,,2410,,,,,,,,237
232,218.0,München-Ost,9,,38243,8066,18104,4907,42367,61159,5041,1714,2501,,,1930,,,579,,,,,,,51,,,,,2432,152,,,,,,,,,2526,,1630,,,,,,,,1650
233,219.0,München-Süd,9,,33924,7641,16437,6236,47256,46059,4464,2060,2610,,,2532,,,,,109,,,,,133,,,,,2668,,,,,,,,,,,,,,,,,,,,
234,220.0,München-West/Mitte,9,,39182,7594,19153,6975,53174,53311,5058,1804,3096,,,1557,365,,,,,,,,,72,,,391,,3059,,,,,,,,,,,,2144,,,,,,,,382
235,221.0,München-Land,9,,30237,9816,18180,3685,40475,77523,7791,1928,2555,,,2086,,,1136,,,,,,,,,,,,2880,,,,,,,,,,,,,,,,,,,,
236,222.0,Rosenheim,9,,22869,15764,17682,4091,26183,68670,16869,2466,,,,3698,,,2584,,,,,,,119,,,,,9069,,,,,,,,,,,,,,,,,,,,
237,223.0,Bad Tölz-Wolfratshausen – Miesbach,9,,15428,,11636,2643,20829,55501,14146,1949,,,,2077,,,4992,,,,,,,,,,,,5140,,,,,,,,,,,,,,,,,,,,
238,224.0,Starnberg – Landsberg am Lech,9,,23985,10715,16585,3701,35809,68617,9035,2333,,,,1972,721,,,,,,,,,,,,,,5365,,,,,,,,,,,,982,,,,,,,,
239,225.0,Traunstein,9,,27644,12671,12268,3537,17219,59555,18572,1857,,,,2372,,,2160,,,,,,,,,,,,4115,,,,,,295,,,,,,,,,,,,,,329
240,226.0,Weilheim,9,,19682,9686,8553,2718,16300,57179,10100,,,,,4205,,,2405,,,,,,,,,,,,4301,,,,,,,,,,,,500,,,,,,,,966
241,227.0,Deggendorf,9,,19527,17432,6325,1895,6890,47267,19718,905,,,459,1144,410,,2660,,,,,,,,,,,,1870,,,,,,,,,,,,,,,,,,,,
242,228.0,Landshut,9,,22468,19184,22774,3955,21811,70685,20072,,3615,,,2888,,,2241,,,,,,,,,,,,2796,,,,,,,,,,,,,,,,,,,,1461
243,229.0,Passau,9,,28341,16215,10513,2681,12098,41530,17180,1235,,,,3876,,,,,,,,,,,244,,,,1567,,,,,,,,,,,,,,,,,,,,
244,230.0,Rottal-Inn,9,,15794,16808,10210,1912,10188,46493,22158,1106,,,,2647,,,2746,,,,,,,,,,,,2385,,,,,,,,,,,,,,,,,,,,
245,231.0,Straubing,9,,16312,16794,6895,1936,8613,58487,15115,1506,,,,2467,,,1294,,,,,,,,,,,,1503,,,,,,,,,,570,,,,,,,,,,586
246,232.0,Amberg,9,,27476,17822,10213,4158,13908,69278,20855,,,,,3247,,,,,,,,,,,,,,,2902,,,,,,,,,,,,,,,,,,,,2138
247,233.0,Regensburg,9,,32850,16557,13754,6023,30333,69842,17906,2734,,,,2927,,,1745,,,,,,,,,,,,2567,,,,,,90,,,,,,,,,,,,,,384
248,234.0,Schwandorf,9,,39615,23142,7341,3043,7934,60924,27381,,,,,1747,515,,,,,,,,,,,,,,1846,,,,,,267,,,,,,,,,,,,,,
249,235.0,Weiden,9,,29573,13523,6303,2315,6633,50575,9306,,,,,860,,,771,,,,,,,,,,,,1458,,,,,,,,,,,,,,,,,,,,10107
250,236.0,Bamberg,9,,28123,13279,9821,3625,22728,54726,8708,1627,,,,1287,,,491,,179,,,,,,,,,,2361,,,,,,,,,,,,726,,,,,,,,114
251,237.0,Bayreuth,9,,24840,10777,9182,2577,14064,54465,7754,1709,,,,934,,,,,,,,,,,,,,,2028,,,,,,,,,,,,,,,,,,,,
252,238.0,Coburg,9,,32056,11878,6369,2337,10581,44890,9235,1872,,,,1418,,,222,,83,,,,,,,,,,2002,,,,,,,,,,,,,,,,,,,,
253,239.0,Hof,9,,29763,14705,6493,2651,7941,51312,7202,1969,,,,508,,,,,,,,,,,,,,,1498,314,,,,,,,,,,,,,,,,,,,99
254,240.0,Kulmbach,9,,22103,14416,6480,2448,10165,65163,10430,1954,,,,871,,,619,,,,,,,,,,,,1748,,,,,,,,,,,,,,,,,,,,
255,241.0,Ansbach,9,,33819,18418,13016,3798,21343,73312,16592,,,447,2180,2902,,,,,,,,,,,,,,,5167,,,,,,,,,,,,,,,,,,,,
256,242.0,Erlangen,9,,32036,10669,10382,,29923,54223,7888,2578,,,1259,2080,,,,,188,,,,,,,,,,2619,,,,,,,,,,,,,,,,,,,,586
257,243.0,Fürth,9,,47153,16858,12883,6221,27111,65876,10340,3090,,,,1685,,,507,,,,,,,,416,,,,3750,,,,,,,,,,,,611,,,,,,,,
258,244.0,Nürnberg-Nord,9,,31616,8485,10882,7726,32541,41027,4286,,,,1849,1813,,,,,149,,,,,,,,,,2777,,,,,,,,,,,,856,,,,,,,,199
259,245.0,Nürnberg-Süd,9,,31098,13123,8777,5184,15566,44192,5897,,,,,1562,,,,,,,,,,,,,,,2491,,,,,,,,,,,,533,,,,,,,,
260,246.0,Roth,9,,31806,14944,12596,5076,25140,71478,16528,2149,,,1696,1534,,,,,,,,,,,,,,,4720,,,,,,185,,,,,,,,,,,,,,431
261,247.0,Aschaffenburg,9,,24893,13954,11683,3536,19588,59269,5087,2022,,,,1580,,,516,,157,,,,,,,,,,2412,,,,,,490,,,,,,,,,,,,,,351
262,248.0,Bad Kissingen,9,,32844,17130,12206,4475,16467,67458,14102,2438,,,,1266,,,,,,,,,,,,,,,3783,,,,,,,,,,,,,,,,,,,,371
263,249.0,Main-Spessart,9,,33700,12576,9514,4070,15813,60489,15774,,,,,1414,,,,,,,,,,,,,,,3195,,,,,,240,,,,,,,,,,,,,,
264,250.0,Schweinfurt,9,,29037,15468,12408,6552,14747,63697,7761,,,,,1229,,,863,,167,,,,,,,,,,2758,,,,,,,,,,,1116,,,,,,,,,
265,251.0,Würzburg,9,,33125,,19414,7522,36295,67651,9440,,,,,2501,,,,,,,,,,,774,,,,4898,,,,,,,,,,,,,,,,,,,,1884
266,252.0,Augsburg-Stadt,9,,27453,13431,12880,7168,31347,42780,6540,2395,,,,1637,954,,645,,166,,,,,,,,,,3399,,,,,,,,,,,,697,,,,,,,,819
267,253.0,Augsburg-Land,9,,29435,19660,16032,3573,24806,82423,19230,,,,,3100,,,,,,,,,,,,,,,4693,,,,,,,,,,,,,,,,,,,,135
268,254.0,Donau-Ries,9,,29872,15723,9915,3048,11076,64045,14834,,,,,1420,966,,,,,,,,,,,,,,3895,,,,,,294,,,,,836,,,,,,,,,
269,255.0,Neu-Ulm,9,,29960,22517,14542,3466,20621,69676,13964,,3980,,1707,1776,,,,,,,,,,,,,,,3782,,,,,,,,,,,,900,,,,,,,,443
270,256.0,Oberallgäu,9,,28401,14473,23604,4911,27817,53566,16181,2269,,,,2233,731,,,,,,,,,,,,,,5508,,,,,,,,,,,,,,,,,,,,444
271,257.0,Ostallgäu,9,,24288,20021,14258,6667,24128,76399,17819,2340,,,,3120,782,,,,,,,,,,,,,,7303,,,,,,,,,,,,,,,,,,,,
273,258.0,Stuttgart I,8,36605,20012,6295,16504,6447,62594,,1281,1684,1528,,,,,213,,,125,,,,,34,256,,,,1985,,216,,,,,,,,,,877,,,,,,,,26
274,259.0,Stuttgart II,8,34312,27224,9603,14678,6294,31446,,1833,1674,1763,,,,,,,,189,,,,,28,220,,,,1778,,317,,,,,,,,,,732,,,,,,,,373
275,260.0,Böblingen,8,57504,40844,16175,32184,4548,30211,,4790,1815,,,,783,,320,,,170,,,,,,,,,,2856,,,,,,,,,,,,665,,,,,,,,929
276,261.0,Esslingen,8,41976,28501,9123,16011,3477,24058,,2844,1758,,,,,,,,,206,,,,,,306,,,,2256,,,,,,,,,,,,504,,,,,,,,
277,262.0,Nürtingen,8,49506,34617,13597,22765,3970,29619,,3948,2428,,,,,,513,,,95,,,,,,,,,,3417,,,,,,,,,,,,,,,,,,,,
278,263.0,Göppingen,8,41558,31824,15818,16481,2958,15932,,4394,2033,,,,,,,,,170,,,,,,,,,,2839,,,,,,,,,,,,,,,,,,,,
279,264.0,Waiblingen,8,50566,39642,15196,27123,4464,26224,,3280,2381,,,,,,460,,,156,,,,,,,,,,4257,,,,,,,,,,,,658,,,,,,,,
280,265.0,Ludwigsburg,8,50297,31409,14392,23891,4886,34663,,3803,2114,,,,929,,,,,,,,,,,,,,,2960,,,,,,,,,,,,684,,,,,,,,515
281,266.0,Neckar-Zaber,8,56249,41708,18478,22792,4357,29015,,4218,2601,,,,1058,,610,,,,,,,,,,,,,3655,,,,,,,,,,,,,,,,,,,,310
282,267.0,Heilbronn,8,50299,43887,23093,24748,4237,23018,,4595,2988,,,,,,,,,225,,,,,,497,,,,3354,,,,,,,,,,,,,,,,,,,,
283,268.0,Schwäbisch Hall – Hohenlohe,8,54894,33568,20579,19941,4090,25825,,3460,2425,,,,1239,,,,,182,,,,,,,,,,4923,,,,,,,,,,,,,,,,,,,,
284,269.0,Backnang – Schwäbisch Gmünd,8,41176,32904,15802,16198,3929,15587,,3286,2308,,,,,,,,,138,,,,,,,,,,3673,,,,,,,,,,,,,,,,,,,,
285,270.0,Aalen – Heidenheim,8,61832,36501,16988,15708,3905,20364,,4477,2313,,,,,,,,,189,,,,,,,,,,4114,,,,,,,,,,,,542,,,,,,,,
286,271.0,Karlsruhe-Stadt,8,30921,33630,10811,15793,7956,47473,,1723,2811,,,,605,,,,,162,,,,,,749,,,,3152,452,,,,,,,,,,,1547,,,,,,456,,
287,272.0,Karlsruhe-Land,8,50581,37948,14963,19066,4040,27755,,4358,2437,,,,562,,,,,,,,,,,496,,,,3505,,,,,,,,,,,,,,,,,,,,548
288,273.0,Rastatt,8,50988,34847,16455,17764,4212,19962,,4477,,,,,,,,,,,,,,,,,,,,3557,,,,,,,,,,,,772,,,,,,486,,75
289,274.0,Heidelberg,8,42582,35602,10823,15906,6987,53288,,2839,2151,,,,,,,,,141,,,,,,592,,,,2976,,,,,,,,,,,,1680,,,,,,1070,,
290,275.0,Mannheim,8,27986,37102,13773,14879,6811,31723,,3205,1933,,,,500,,,,,184,,,,,,,,,,2276,,,,,,,,,,,,,,,,,,410,,
291,276.0,Odenwald – Tauber,8,57391,33083,19374,15549,3722,17695,,7329,2636,,,,,,,,,,,,,,,,,,,3473,,,,,,,,,,,,,,,,,,,,
292,277.0,Rhein-Neckar,8,43487,41205,15296,17769,4006,22696,,3979,,,,,,,,,,,,,,,,,,,,3238,,,,,,,,,,,,,,,,,,,,821
293,278.0,Bruchsal – Schwetzingen,8,44465,32836,17352,17635,3854,22154,,5054,2553,,,,,,,,,,,,,,,,,,,2878,,,,,,,,,,,,,,,,,,,,1422
294,279.0,Pforzheim,8,46291,33957,22943,20632,3772,20679,,4407,2270,3963,,,,,,,,,,,,,,,,,,2555,,1023,,,,,,,,,,,,,,,,,,49
295,280.0,Calw,8,51208,26111,18668,22685,2998,17712,,4202,1526,2749,,,,,,,,,,,,,,,,,,3083,,,,,,180,,,,,,,,,,,,391,,
296,281.0,Freiburg,8,37111,47198,8107,13835,9604,51777,,2769,2730,,,,,,,,,134,,,,,,561,,,,4115,,,,,,,,,,,,1043,,,,,,785,,
297,282.0,Lörrach – Müllheim,8,43509,37496,13981,24430,4580,35558,,3530,2586,,,1009,,550,,,,168,,,,,,,,,,4799,,,,,,148,,,,,,,,,,,,,,
298,283.0,Emmendingen – Lahr,8,46406,46316,14396,16620,4921,23345,,3963,1980,3601,,,1159,,,,,,,,,,,,,,,3325,,,,,,,,,,,,623,,,,,,,,
299,284.0,Offenburg,8,54148,29003,13876,16692,4254,21717,,5881,2627,,,,,,,,,,,,,,,,,,,6955,,,,,,,,,,,,,,,,,,,,
300,285.0,Rottweil – Tuttlingen,8,46535,23989,20293,24784,3177,18184,,3733,,,,,1541,,,,,,,,,,,544,,,,5058,,,,,,,,,,,,,,,,,,,,
301,286.0,Schwarzwald-Baar,8,44188,21996,12795,16747,2757,14692,,3306,,,,,,,,,,140,,,,,,,,,,4871,,,,,,,,,,,,,,,,,,,,
302,287.0,Konstanz,8,53362,31486,13487,17047,5591,28142,,2809,2838,,,,945,,,,,,,,,,,,,,,,,,,,,180,,,,,,,,,,,,,,399
303,288.0,Waldshut,8,45335,34449,11420,10217,3606,20679,,3482,,,,,895,,,,,,,,,,,,,,,3975,,,,,,,,,,,,819,,,,,,,,
304,289.0,Reutlingen,8,49631,27236,15356,20411,6169,25399,,3139,2211,,,,,,,,,178,,,,,,,,,,2747,,,,,,,,,,,,,,,,,,,,
305,290.0,Tübingen,8,43024,28982,12484,15059,7526,40978,,2789,1952,2544,,,743,,493,,,114,,,,,,,,,,2940,,,,,,,,,,,,,,,,,,,,
306,291.0,Ulm,8,57608,32176,15932,19745,4604,33012,,4961,2002,3303,,1669,,,,,,136,,,,,,481,,,,,,,,,,,,,,,,,,,,,,369,,
307,292.0,Biberach,8,46458,24567,13469,13045,2064,17912,,4431,1471,2371,,760,2489,,,,,,,,,,,,,,,3134,,,,,,,,,,,,,,,,,,,,
308,293.0,Bodensee,8,41624,28501,12584,16751,3705,23385,,3047,2079,,,,931,,,,,,,,,,,,,,,4045,,,,,,,,,,,,,,,,,,,,103
309,294.0,Ravensburg,8,44597,20128,11727,20934,4365,30743,,4441,1913,,,,1904,,,,,127,,351,,,,,,,,4710,,,,,,,,,,,,,,,,,,,,
310,295.0,Zollernalb – Sigmaringen,8,41106,24970,15554,18678,2848,23118,,3359,1887,,,,758,,,,,212,,,,,,,,,,3906,,,,,,,,,,,,,,,,,,,,
312,296.0,Saarbrücken,10,35252,51749,12569,11647,8711,11143,,2604,3439,,,,605,,,,,201,,,,,,,,,,2179,,,,,,,,,,,,,,,,,,,,299
313,297.0,Saarlouis,10,43671,57354,15111,12777,8405,7383,,4352,3853,,,,751,,,,,,,,,,,,,,,2466,,,,,,,,,,,,,,,,,,,,
314,298.0,St. Wendel,10,43928,48135,12346,11354,5783,5739,,3562,3261,,,,621,,,,,,,,,,,,,,,2251,,,,,,,,,,,,,,,,,,,,
315,299.0,Homburg,10,36472,51091,16210,11015,7312,6826,,4418,3287,,,,895,,,,,,,,,,,,,,,2086,,,,,,,,,,,,,,,,,,,,
